0,1,2,3,4,5,6
پژو،,1401,XU7P-پارس,کارکرد صفر,دنده ای,سفید,"472,000,000"
پژو،,1401,LX-پارس,کارکرد صفر,دنده ای,سفید,"562,000,000"
پژو،,1399,دوگانه سوز-پارس,"42,000 کیلومتر",دنده ای,سفید,"488,000,000"
پژو،,1399,XU7-پارس,"48,000 کیلومتر",دنده ای,خاکستری,"430,000,000"
پژو،,1401,XU7-پارس,"30,000 کیلومتر",دنده ای,سفید,"451,000,000"
پژو،,1401,XU7P-پارس,کارکرد صفر,دنده ای,سفید,"485,000,000"
پژو،,1396,XU7-پارس,"125,000 کیلومتر",دنده ای,خاکستری,"371,000,000"
پژو،,1401,LX-پارس,کارکرد صفر,دنده ای,سفید,"590,000,000"
پژو،,1397,LX-پارس,"139,000 کیلومتر",دنده ای,سفید,"450,000,000"
پژو،,1401,XU7P-پارس,کارکرد صفر,دنده ای,سفید,"478,000,000"
پژو،,1386,XU7-پارس,"300,000 کیلومتر",دنده ای,نقره ای,"242,000,000"
پژو،,1401,XU7P-پارس,کارکرد صفر,دنده ای,سفید,"478,000,000"
پژو،,1401,ELX-TU5-پارس,کارکرد صفر,دنده ای,سفید,"580,000,000"
پژو،,1399,LX-پارس,"19,000 کیلومتر",دنده ای,سفید,"520,000,000"
پژو،,1398,LX-پارس,"46,000 کیلومتر",دنده ای,سفید,"482,000,000"
پژو،,1400,XU7-پارس,"30,000 کیلومتر",دنده ای,سفید,"440,000,000"
پژو،,1401,XU7P-پارس,کارکرد صفر,دنده ای,خاکستری,"485,000,000"
پژو،,1401,LX-پارس,کارکرد صفر,دنده ای,سفید,"570,000,000"
پژو،,1401,ELX-XU7P-پارس,کارکرد صفر,دنده ای,سفید,"525,000,000"
پژو،,1401,LX-پارس,کارکرد صفر,دنده ای,مشکی,"570,000,000"
پژو،,1400,LX-پارس,کارکرد صفر,دنده ای,سفید,"530,000,000"
پژو،,1400,LX-پارس,کارکرد صفر,دنده ای,سفید,"538,000,000"
پژو،,1398,XU7-پارس,"54,000 کیلومتر",دنده ای,سفید,"405,000,000"
پژو،,1399,LX-پارس,"72,000 کیلومتر",دنده ای,مشکی,"440,000,000"
پژو،,1401,XU7P-پارس,کارکرد صفر,دنده ای,سفید,"461,000,000"
پژو،,1400,LX-پارس,"16,000 کیلومتر",دنده ای,سفید,"539,000,000"
پژو،,1399,LX-پارس,"13,000 کیلومتر",دنده ای,سفید,"505,000,000"
پژو،,1398,XU7-پارس,"43,400 کیلومتر",دنده ای,سفید,"410,000,000"
پژو،,1394,ELX-XUM-پارس,"70,000 کیلومتر",دنده ای,سفید,"375,000,000"
پژو،,1399,XU7-پارس,"52,000 کیلومتر",دنده ای,سفید,"435,000,000"
پژو،,1401,XU7P-پارس,کارکرد صفر,دنده ای,سفید,"469,000,000"
پژو،,1400,XU7-پارس,"19,000 کیلومتر",دنده ای,سفید,"440,000,000"
پژو،,1399,اتوماتیک-پارس,کارکرد صفر,اتوماتیک,مشکی,"625,000,000"
پژو،,1401,LX-پارس,کارکرد صفر,دنده ای,سفید,"560,000,000"
پژو،,1401,LX-پارس,کارکرد صفر,دنده ای,سفید,"565,000,000"
پژو،,1401,ELX-XU7P-پارس,کارکرد صفر,دنده ای,مشکی,"550,000,000"
پژو،,1401,LX-پارس,کارکرد صفر,دنده ای,سفید,"541,000,000"
پژو،,1401,LX-پارس,کارکرد صفر,دنده ای,سفید,"559,000,000"
پژو،,1399,اتوماتیک-پارس,کارکرد صفر,اتوماتیک,خاکستری,"625,000,000"
پژو،,1394,XU7-پارس,"149,000 کیلومتر",دنده ای,سفید,"360,000,000"
پژو،,1401,LX-پارس,کارکرد صفر,دنده ای,سفید,"565,000,000"
پژو،,1398,XU7-پارس,"76,000 کیلومتر",دنده ای,سفید,"395,000,000"
پژو،,1401,LX-پارس,"22,000 کیلومتر",دنده ای,سفید,"540,000,000"
پژو،,1401,LX-پارس,کارکرد صفر,دنده ای,سفید,"560,000,000"
پژو،,1401,XU7P-پارس,"13,000 کیلومتر",دنده ای,سفید,"448,000,000"
پژو،,1398,XU7-پارس,"92,000 کیلومتر",دنده ای,سفید,"397,000,000"
پژو،,1401,XU7P-پارس,کارکرد صفر,دنده ای,سفید,"480,000,000"
پژو،,1401,ELX-XU7P-پارس,کارکرد صفر,دنده ای,سفید,"480,000,000"
پژو،,1401,LX-پارس,کارکرد صفر,دنده ای,سفید,"565,000,000"
پژو،,1399,LX-پارس,"13,000 کیلومتر",دنده ای,سفید,"505,000,000"
پژو،,1401,LX-پارس,کارکرد صفر,دنده ای,سفید,"565,000,000"
پژو،,1400,LX-پارس,"23,000 کیلومتر",دنده ای,خاکستری,"520,000,000"
پژو،,1401,LX-پارس,کارکرد صفر,دنده ای,سفید,"588,000,000"
پژو،,1401,LX-پارس,کارکرد صفر,دنده ای,خاکستری,"566,000,000"
پژو،,1397,اتوماتیک-پارس,"90,000 کیلومتر",اتوماتیک,سفید,"560,000,000"
پژو،,1401,XU7P-پارس,کارکرد صفر,دنده ای,سفید,"468,000,000"
پژو،,1399,LX-پارس,"5,000 کیلومتر",دنده ای,سفید,"450,000,000"
پژو،,1399,دوگانه سوز-پارس,"70,000 کیلومتر",دنده ای,آبی,"450,000,000"
پژو،,1398,LX-پارس,"24,000 کیلومتر",دنده ای,سفید,"495,000,000"
پژو،,1401,XU7P-پارس,کارکرد صفر,دنده ای,سفید,"485,000,000"
پژو،,1400,LX-پارس,"20,000 کیلومتر",دنده ای,سفید,"527,000,000"
پژو،,1401,XU7P-پارس,کارکرد صفر,دنده ای,سفید,"465,000,000"
پژو،,1401,XU7P-پارس,کارکرد صفر,دنده ای,سفید,"470,000,000"
پژو،,1396,XU7-پارس,"160,000 کیلومتر",دنده ای,سفید,"385,000,000"
پژو،,1400,LX-پارس,"47,000 کیلومتر",دنده ای,سفید,"512,000,000"
پژو،,1398,XU7-پارس,"51,700 کیلومتر",دنده ای,سفید,"405,000,000"
پژو،,1399,اتوماتیک-پارس,"48,000 کیلومتر",اتوماتیک,سفید,"550,000,000"
پژو،,1401,XU7P-پارس,کارکرد صفر,دنده ای,سفید,"465,000,000"
پژو،,1399,XU7-پارس,"41,000 کیلومتر",دنده ای,خاکستری,"415,000,000"
پژو،,1398,LX-پارس,"8,000 کیلومتر",دنده ای,سفید,"500,000,000"
پژو،,1398,اتوماتیک-پارس,"87,000 کیلومتر",اتوماتیک,سفید,"530,000,000"
پژو،,1401,XU7P-پارس,کارکرد صفر,دنده ای,سفید,"470,000,000"
پژو،,1400,LX-پارس,"18,000 کیلومتر",دنده ای,خاکستری,"520,000,000"
پژو،,1386,XU7-پارس,"218,000 کیلومتر",دنده ای,خاکستری,"250,000,000"
پژو،,1400,XU7-پارس,"29,000 کیلومتر",دنده ای,سفید,"437,000,000"
پژو،,1401,LX-پارس,کارکرد صفر,دنده ای,سفید,"560,000,000"
پژو،,1399,XU7-پارس,"40,000 کیلومتر",دنده ای,سفید,"437,000,000"
پژو،,1400,XU7-پارس,"22,000 کیلومتر",دنده ای,دلفینی,"437,000,000"
پژو،,1401,XU7P-پارس,900 کیلومتر,دنده ای,سفید,"470,000,000"
پژو،,1401,XU7P-پارس,کارکرد صفر,دنده ای,سفید,"475,000,000"
پژو،,1401,XU7P-پارس,"4,500 کیلومتر",دنده ای,سفید,"467,000,000"
پژو،,1400,XU7-پارس,کارکرد صفر,دنده ای,خاکستری,"430,000,000"
پژو،,1401,LX-پارس,کارکرد صفر,دنده ای,سفید,"560,000,000"
پژو،,1395,XU7-پارس,"110,000 کیلومتر",دنده ای,سفید,"389,000,000"
پژو،,1401,LX-پارس,کارکرد صفر,دنده ای,سفید,"560,000,000"
پژو،,1399,LX-پارس,"13,000 کیلومتر",دنده ای,سفید,"500,000,000"
پژو،,1399,XU7-پارس,"28,000 کیلومتر",دنده ای,سفید,"415,000,000"
پژو،,1401,LX-پارس,کارکرد صفر,دنده ای,سفید,"557,000,000"
پژو،,1400,XU7-پارس,"37,000 کیلومتر",دنده ای,سفید,"433,000,000"
پژو،,1401,XU7P-پارس,کارکرد صفر,دنده ای,سفید,"475,000,000"
پژو،,1400,LX-پارس,"18,000 کیلومتر",دنده ای,سفید,"520,000,000"
پژو،,1401,XU7P-پارس,کارکرد صفر,دنده ای,خاکستری,"515,000,000"
پژو،,1394,LX-پارس,"120,000 کیلومتر",دنده ای,سفید,"410,000,000"
پژو،,1401,ELX-XU7P-پارس,"3,800 کیلومتر",دنده ای,سفید,"480,000,000"
پژو،,1400,XU7-پارس,"33,000 کیلومتر",دنده ای,سفید,"433,000,000"
پژو،,1399,LX-پارس,"37,000 کیلومتر",دنده ای,خاکستری,"430,000,000"
پژو،,1401,ELX-XU7P-پارس,کارکرد صفر,دنده ای,خاکستری,"485,000,000"
پژو،,1401,LX-پارس,کارکرد صفر,دنده ای,سفید,"560,000,000"
پژو،,1399,دوگانه سوز-پارس,"10,500 کیلومتر",دنده ای,دلفینی,"510,000,000"
پژو،,1401,ELX-XU7P-پارس,"10,000 کیلومتر",دنده ای,سفید,"440,000,000"
پژو،,1395,LX-پارس,"88,000 کیلومتر",دنده ای,سفید,"420,000,000"
پژو،,1401,XU7P-پارس,"33,000 کیلومتر",دنده ای,سفید,"435,000,000"
پژو،,1397,LX-پارس,"73,000 کیلومتر",دنده ای,سفید,"460,000,000"
پژو،,1399,LX-پارس,"34,000 کیلومتر",دنده ای,خاکستری,"520,000,000"
پژو،,1401,XU7P-پارس,کارکرد صفر,دنده ای,سفید,"475,000,000"
پژو،,1401,XU7-پارس,کارکرد صفر,دنده ای,نوک مدادی,"470,000,000"
پژو،,1401,LX-پارس,کارکرد صفر,دنده ای,سفید,"570,000,000"
پژو،,1399,XU7-پارس,"33,000 کیلومتر",دنده ای,سفید,"415,000,000"
پژو،,1399,XU7-پارس,"14,000 کیلومتر",دنده ای,سفید,"430,000,000"
پژو،,1401,XU7P-پارس,کارکرد صفر,دنده ای,سفید,"469,000,000"
پژو،,1397,دوگانه سوز-پارس,"80,000 کیلومتر",دنده ای,سفید,"450,000,000"
پژو،,1398,دوگانه سوز-پارس,"114,175 کیلومتر",دنده ای,سفید,"457,000,000"
پژو،,1401,XU7P-پارس,کارکرد صفر,دنده ای,خاکستری,"465,000,000"
پژو،,1401,XU7P-پارس,کارکرد صفر,دنده ای,سفید,"465,000,000"
پژو،,1401,XU7P-پارس,کارکرد صفر,دنده ای,سفید,"485,000,000"
پژو،,1401,XU7P-پارس,کارکرد صفر,دنده ای,سفید,"468,000,000"
پژو،,1401,ELX-TU5-پارس,"6,000 کیلومتر",دنده ای,سفید,"605,000,000"
پژو،,1393,XU7-پارس,"240,000 کیلومتر",دنده ای,قهوه ای,"305,000,000"
پژو،,1401,LX-پارس,کارکرد صفر,دنده ای,سفید,"560,000,000"
پژو،,1401,LX-پارس,کارکرد صفر,دنده ای,سفید,"560,000,000"
پژو،,1399,LX-پارس,"88,000 کیلومتر",دنده ای,سفید,"475,000,000"
پژو،,1395,LX-پارس,"140,000 کیلومتر",دنده ای,سفید,"347,000,000"
پژو،,1399,دوگانه سوز-پارس,"22,000 کیلومتر",دنده ای,سفید,"495,000,000"
پژو،,1399,LX-پارس,"54,000 کیلومتر",دنده ای,سفید,"485,000,000"
پژو،,1401,LX-پارس,کارکرد صفر,دنده ای,سفید,"560,000,000"
پژو،,1401,XU7P-پارس,کارکرد صفر,دنده ای,سفید,"460,000,000"
پژو،,1380,XU7-پارس,"370,000 کیلومتر",دنده ای,مشکی,"168,000,000"
پژو،,1400,دوگانه سوز-پارس,"50,000 کیلومتر",دنده ای,خاکستری,"475,000,000"
پژو،,1398,LX-پارس,کارکرد صفر,دنده ای,سفید,"550,000,000"
پژو،,1396,LX-پارس,"46,000 کیلومتر",دنده ای,سفید,"430,000,000"
پژو،,1398,XU7-پارس,"40,000 کیلومتر",دنده ای,سفید,"410,000,000"
پژو،,1401,LX-پارس,کارکرد صفر,دنده ای,سفید,"558,000,000"
پژو،,1399,XU7-پارس,"19,000 کیلومتر",دنده ای,سفید,"420,000,000"
پژو،,1401,XU7-پارس,"15,500 کیلومتر",دنده ای,دلفینی,"443,000,000"
پژو،,1401,ELX-XU7P-پارس,کارکرد صفر,دنده ای,سفید,"525,000,000"
پژو،,1401,LX-پارس,کارکرد صفر,دنده ای,سفید,"548,000,000"
پژو،,1401,LX-پارس,"3,300 کیلومتر",دنده ای,سفید,"550,000,000"
پژو،,1399,XU7-پارس,"17,000 کیلومتر",دنده ای,سفید,"405,000,000"
پژو،,1393,LX-پارس,"220,000 کیلومتر",دنده ای,مشکی,"325,000,000"
پژو،,1399,XU7-پارس,"55,000 کیلومتر",دنده ای,سفید,"415,000,000"
پژو،,1401,XU7P-پارس,کارکرد صفر,دنده ای,سفید,"455,000,000"
پژو،,1395,XU7-پارس,"98,000 کیلومتر",دنده ای,آبی,"355,000,000"
پژو،,1401,XU7P-پارس,کارکرد صفر,دنده ای,سفید,"470,000,000"
پژو،,1399,XU7-پارس,"44,000 کیلومتر",دنده ای,سفید,"415,000,000"
پژو،,1393,XU7-پارس,"190,000 کیلومتر",دنده ای,سفید,"330,000,000"
پژو،,1401,XU7P-پارس,"3,000 کیلومتر",دنده ای,سفید,"458,000,000"
پژو،,1400,LX-پارس,"13,000 کیلومتر",دنده ای,سفید,"515,000,000"
پژو،,1397,XU7-پارس,"49,000 کیلومتر",دنده ای,سفید,"375,000,000"
پژو،,1401,XU7P-پارس,کارکرد صفر,دنده ای,سفید,"460,000,000"
پژو،,1401,LX-پارس,کارکرد صفر,دنده ای,سفید,"550,000,000"
پژو،,1401,LX-پارس,کارکرد صفر,دنده ای,سفید,"550,000,000"
پژو،,1399,LX-پارس,کارکرد صفر,دنده ای,خاکستری,"522,000,000"
پژو،,1401,XU7P-پارس,کارکرد صفر,دنده ای,سفید,"470,000,000"
پژو،,1401,LX-پارس,"4,000 کیلومتر",دنده ای,سفید,"540,000,000"
پژو،,1399,LX-پارس,"50,000 کیلومتر",دنده ای,سفید,"500,000,000"
پژو،,1399,اتوماتیک-پارس,"120,000 کیلومتر",اتوماتیک,سفید,"520,000,000"
پژو،,1401,XU7P-پارس,"5,000 کیلومتر",دنده ای,سفید,"460,000,000"
پژو،,1399,XU7-پارس,"60,000 کیلومتر",دنده ای,سفید,"404,000,000"
پژو،,1399,XU7-پارس,"19,000 کیلومتر",دنده ای,سفید,"420,000,000"
پژو،,1395,XU7-پارس,"82,000 کیلومتر",دنده ای,سفید,"370,000,000"
پژو،,1400,LX-پارس,"16,000 کیلومتر",دنده ای,مشکی,"520,000,000"
پژو،,1401,XU7-پارس,"7,900 کیلومتر",دنده ای,سفید,"440,000,000"
پژو،,1398,XU7-پارس,"43,000 کیلومتر",دنده ای,سفید,"400,000,000"
پژو،,1390,دوگانه سوز-پارس,"170,000 کیلومتر",دنده ای,نوک مدادی,"310,000,000"
پژو،,1401,LX-پارس,کارکرد صفر,دنده ای,سفید,"566,000,000"
پژو،,1398,XU7-پارس,"88,000 کیلومتر",دنده ای,سفید,"410,000,000"
پژو،,1400,LX-پارس,"17,000 کیلومتر",دنده ای,خاکستری,"510,000,000"
پژو،,1401,ELX-TU5-پارس,کارکرد صفر,دنده ای,سفید,"561,000,000"
پژو،,1400,XU7-پارس,"45,000 کیلومتر",دنده ای,سفید,"430,000,000"
پژو،,1399,XU7-پارس,"44,000 کیلومتر",دنده ای,سفید,"415,000,000"
پژو،,1401,LX-پارس,کارکرد صفر,دنده ای,سفید,"565,000,000"
پژو،,1399,XU7-پارس,"28,800 کیلومتر",دنده ای,سفید,"425,000,000"
پژو،,1401,XU7P-پارس,کارکرد صفر,دنده ای,سفید,"470,000,000"
پژو،,1399,LX-پارس,"79,900 کیلومتر",دنده ای,سفید,"505,000,000"
پژو،,1401,XU7P-پارس,"3,700 کیلومتر",دنده ای,خاکستری,"455,000,000"
پژو،,1399,XU7-پارس,"37,000 کیلومتر",دنده ای,سفید,"415,000,000"
پژو،,1401,XU7P-پارس,کارکرد صفر,دنده ای,سفید,"475,000,000"
پژو،,1399,XU7-پارس,"47,000 کیلومتر",دنده ای,نوک مدادی,"405,000,000"
پژو،,1396,ELX-XUM-پارس,"128,000 کیلومتر",دنده ای,سفید,"369,000,000"
پژو،,1401,XU7P-پارس,کارکرد صفر,دنده ای,سفید,"465,000,000"
پژو،,1401,XU7P-پارس,کارکرد صفر,دنده ای,سفید,"473,000,000"
پژو،,1401,LX-پارس,کارکرد صفر,دنده ای,سفید,"570,000,000"
پژو،,1401,XU7-پارس,"30,000 کیلومتر",دنده ای,مشکی,"423,000,000"
پژو،,1401,XU7P-پارس,کارکرد صفر,دنده ای,سفید,"470,000,000"
پژو،,1398,LX-پارس,"63,000 کیلومتر",دنده ای,سفید,"460,000,000"
پژو،,1401,ELX-XU7P-پارس,کارکرد صفر,دنده ای,سفید,"525,000,000"
پژو،,1396,LX-پارس,"140,000 کیلومتر",دنده ای,سفید,"375,000,000"
پژو،,1401,XU7P-پارس,کارکرد صفر,دنده ای,سفید,"455,000,000"
پژو،,1401,XU7P-پارس,کارکرد صفر,دنده ای,سفید,"470,000,000"
پژو،,1400,LX-پارس,کارکرد صفر,دنده ای,سفید,"550,000,000"
پژو،,1401,LX-پارس,کارکرد صفر,دنده ای,سفید,"560,000,000"
پژو،,1391,دوگانه سوز-پارس,"267,000 کیلومتر",دنده ای,سفید,"300,000,000"
پژو،,1401,LX-پارس,کارکرد صفر,دنده ای,مشکی,"560,000,000"
پژو،,1396,LX-پارس,"40,000 کیلومتر",دنده ای,نوک مدادی,"425,000,000"
پژو،,1401,LX-پارس,کارکرد صفر,دنده ای,سفید,"522,000,000"
پژو،,1401,XU7P-پارس,کارکرد صفر,دنده ای,مشکی,"468,000,000"
پژو،,1401,ELX-XU7P-پارس,کارکرد صفر,دنده ای,سفید,"500,000,000"
پژو،,1401,LX-پارس,"7,300 کیلومتر",دنده ای,خاکستری,"524,000,000"
پژو،,1401,XU7P-پارس,"16,000 کیلومتر",دنده ای,خاکستری,"470,000,000"
پژو،,1401,XU7P-پارس,"2,000 کیلومتر",دنده ای,سفید,"430,000,000"
پژو،,1398,LX-پارس,"76,000 کیلومتر",دنده ای,سفید,"456,000,000"
پژو،,1400,LX-پارس,"10,000 کیلومتر",دنده ای,نوک مدادی,"515,000,000"
پژو،,1399,XU7-پارس,"59,000 کیلومتر",دنده ای,سفید,"396,000,000"
پژو،,1401,LX-پارس,کارکرد صفر,دنده ای,سفید,"525,000,000"
پژو،,1401,XU7P-پارس,600 کیلومتر,دنده ای,سفید,"443,000,000"
